{
  "project_info": {
    "project_number": "803175655266",
    "project_id": "elated-coral-332803",
    "storage_bucket": "elated-coral-332803.appspot.com"
  },
  "client": [
    {
      "client_info": {
        "mobilesdk_app_id": "1:803175655266:android:94048a7b18d7d9f949ae3b",
        "android_client_info": {
          "package_name": "com.example.clima"
        }
      },
      "oauth_client": [
        {
          "client_id": "803175655266-o30n6i7b7f8cngb6r2nkcgus9kofjtmk.apps.googleusercontent.com",
          "client_type": 3
        }
      ],
      "api_key": [
        {
          "current_key": "AIzaSyBxNd4INaliyLQm5eGM-APFtRm7RaBfU74"
        }
      ],
      "services": {
        "appinvite_service": {
          "other_platform_oauth_client": [
            {
              "client_id": "803175655266-o30n6i7b7f8cngb6r2nkcgus9kofjtmk.apps.googleusercontent.com",
              "client_type": 3
            }
          ]
        }
      }
    }
  ],
  "configuration_version": "1"
}